-- phpMyAdmin SQL Dump
-- version 4.9.7
-- https://www.phpmyadmin.net/
--
-- Host: localhost:3306
-- Generation Time: May 12, 2022 at 09:27 AM
-- Server version: 10.5.15-MariaDB-cll-lve
-- PHP Version: 7.3.33

SET SQL_MODE = "NO_AUTO_VALUE_ON_ZERO";
SET AUTOCOMMIT = 0;
START TRANSACTION;
SET time_zone = "+00:00";


/*!40101 SET @OLD_CHARACTER_SET_CLIENT=@@CHARACTER_SET_CLIENT */;
/*!40101 SET @OLD_CHARACTER_SET_RESULTS=@@CHARACTER_SET_RESULTS */;
/*!40101 SET @OLD_COLLATION_CONNECTION=@@COLLATION_CONNECTION */;
/*!40101 SET NAMES utf8mb4 */;

--
-- Database: `u1241526_pakaiman_db_notaku`
--

-- --------------------------------------------------------

--
-- Table structure for table `tb_akun`
--

CREATE TABLE `tb_akun` (
  `id` int(5) NOT NULL,
  `id_akun` varchar(10) NOT NULL,
  `keterangan` varchar(100) NOT NULL,
  `pagu` bigint(15) NOT NULL DEFAULT 0
) ENGINE=InnoDB DEFAULT CHARSET=utf8mb4;

--
-- Dumping data for table `tb_akun`
--

INSERT INTO `tb_akun` (`id`, `id_akun`, `keterangan`, `pagu`) VALUES
(1, '511111', 'Belanja Gaji Pokok PNS', 407806000),
(2, '511119', 'Belanja Pembulatan Gaji PNS', 32000),
(3, '511121', 'Belanja Tunj. Suami/Istri PNS', 72337000),
(4, '511122', 'Belanja Tunj. Anak PNS', 24202000),
(5, '511123', 'Belanja Tunj. Struktural PNS', 21280000),
(6, '511124', 'Belanja Tunj. Fungsional PNS', 749100000),
(7, '511125', 'Belanja Tunj. PPh PNS', 153937000),
(8, '511126', 'Belanja Tunj. Beras PNS', 71629000),
(9, '511129', 'Belanja Uang Makan PNS', 253440000),
(10, '511138', 'Belanja Tunjangan Khusus Papua PNS', 204360000),
(11, '511151', 'Belanja Tunjangan Umum PNS', 83927000),
(12, '511157', 'Belanja Tunjangan Kemahalan Hakim', 172800000),
(13, '521111A', 'Belanja Keperluan Perkantoran', 194292000),
(14, '521111B', 'Belanja Keperluan Perkantoran', 220500000),
(15, '521111D', 'Belanja Keperluan Perkantoran', 26000000),
(16, '521114', 'Belanja Pengiriman Surat Dinas Pos Pusat', 9600000),
(17, '521115', 'Belanja Honor Operasional Satuan Kerja', 39600000),
(18, '521119A', 'Belanja Barang Operasional Lainnya', 49648000),
(19, '521119F', 'Belanja Barang Operasional Lainnya', 2400000),
(20, '521119G', 'Belanja Barang Operasional Lainnya', 4032000),
(21, '521131', 'Belanja Barang Operasional - Penanganan Pandemi COVID-19', 43200000),
(22, '521811', 'Belanja Barang Persediaan Barang Konsumsi', 50000000),
(23, '522111', 'Belanja Langganan Listrik', 60000000),
(24, '522112', 'Belanja Langganan Telepon', 3600000),
(25, '522113', 'Belanja Langganan Air', 6600000),
(26, '522141', 'Belanja Sewa', 38880000),
(27, '522191', 'Belanja Jasa Lainnya', 900000),
(28, '522192A', 'Belanja Jasa - Penanganan Pandemi COVID-19', 5000000),
(29, '522192H', 'Belanja Jasa - Penanganan Pandemi COVID-19', 12600000),
(30, '522192I', 'Belanja Jasa - Penanganan Pandemi COVID-19', 4800000),
(31, '522192J', 'Belanja Jasa - Penanganan Pandemi COVID-19', 5000000),
(32, '523111', 'Belanja Pemeliharaan Gedung dan Bangunan', 225200000),
(33, '523121', 'Belanja Pemeliharaan Peralatan dan Mesin', 107380000),
(34, '524111H', 'Belanja Perjalanan Dinas Biasa', 216300000),
(35, '524111I', 'Belanja Perjalanan Dinas Biasa', 63920000);

-- --------------------------------------------------------

--
-- Table structure for table `tb_coa`
--

CREATE TABLE `tb_coa` (
  `id_akun` varchar(10) NOT NULL,
  `id_coa` int(10) NOT NULL,
  `keterangan` varchar(100) NOT NULL,
  `pagu` bigint(15) NOT NULL DEFAULT 0
) ENGINE=InnoDB DEFAULT CHARSET=utf8mb4;

--
-- Dumping data for table `tb_coa`
--

INSERT INTO `tb_coa` (`id_akun`, `id_coa`, `keterangan`, `pagu`) VALUES
('511111', 15, 'Belanja Gaji Pokok PNS', 278118000),
('511111', 17, 'Belanja Gaji Pokok PNS (gaji ke 14)', 64844000),
('511111', 63, 'Belanja Gaji Pokok PNS (gaji ke 13)', 64844000),
('511119', 64, 'Belanja Pembulatan Gaji PNS', 26000),
('511119', 65, 'Belanja Pembulatan Gaji PNS (gaji ke 13)', 3000),
('511119', 66, 'Belanja Pembulatan Gaji PNS (gaji ke 14)', 3000),
('511121', 67, 'Belanja Tunj. Suami/Istri PNS', 62003000),
('511121', 68, 'Belanja Tunj. Suami/Istri PNS (gaji ke 13)', 5167000),
('511121', 69, 'Belanja Tunj. Suami/Istri PNS (gaji ke 14)', 5167000),
('511122', 70, 'Blelanja Tunj. Anak PNS', 20744000),
('511122', 71, 'Blelanja Tunj. Anak PNS (gaji ke 13)', 1729000),
('511122', 72, 'Blelanja Tunj. Anak PNS (gaji ke 14)', 1729000),
('511124', 73, 'Belanja Tunjangan Fungsional PNS', 646200000),
('511124', 74, 'Belanja Tunjangan Fungsional PNS (gaji ke 13)', 51450000),
('511124', 75, 'Belanja Tunjangan Fungsional PNS (gaji ke 14)', 51450000),
('511126', 76, 'Belanja Tunj. Beras PNS', 71629000),
('511129', 77, 'Belanja Uang Makan PNS', 253440000),
('511138', 78, 'Belanja Tunjangan Khusus Papua PNS', 253440000),
('511151', 51, 'Belanja Tunjangan Umum PNS', 71937000),
('511151', 79, 'Belanja Tunjangan Umum PNS (gaji ke 13)', 5995000),
('511151', 80, 'Belanja Tunjangan Umum PNS ( gaji ke 14)', 5995000),
('511157', 50, 'Belanja Tunjangan Kemahalan Hakim', 172800000),
('521111A', 18, 'Satpam ( 1 ORG X 12 BLN)', 45516000),
('521111A', 19, 'THR Satpam ( 1 ORG X 1 BLN)', 3793000),
('521111A', 20, 'Pengemudi ( 1 ORG X 12 BLN)', 45516000),
('521111A', 21, 'THR Pengemudi ( 1 ORG X 1 BLN)', 3793000),
('521111A', 22, 'Pramubakti ( 2 ORG X 12 BLN)', 82776000),
('521111A', 23, 'TRH Pramubakti ( 2 ORG X 1 BLN)', 6898000),
('521111A', 24, 'Langganan Majalah/Koran/Air Minum', 2400000),
('521111A', 25, 'Penjilidan Lux/ Semi Lux ( 6 JILID X 12 BLN)', 3600000),
('521111B', 36, 'Lisensi Video Conferensi', 3000000),
('521111B', 37, 'Langganan Internet', 216000000),
('521111B', 38, 'Langganan Web Hosting', 1500000),
('521111D', 39, 'Pakaian DInas PNS ( 16 PEG x 12 STEL)', 20800000),
('521111D', 40, 'Pakaian Seragam Pramubakti ( 2 Org X 2 Stel)', 2600000),
('521111D', 41, 'Pakaian Seragam Supir ( 1 Org X 2 Stel)', 1300000),
('521111D', 42, 'Pakaian Seragam Satpam ( 1 Org x 2 Stel)', 1300000),
('521114', 43, 'Pengiriman Surat Dinas', 9600000),
('521115', 44, 'Honor Kuasa Pengguna Anggaran ( 1 ORG X 12 BLN)', 9000000),
('521115', 45, 'Honor Pejabat Pembuat Komitmen ( 1 ORG X 12 BLN)', 7200000),
('521115', 46, 'Honor PPSPM ( 1 ORG X 12 BLN)', 7200000),
('521115', 47, 'Honor Bendahara Pengeluaran ( 1 ORG X 12 BLN)', 6600000),
('521115', 48, 'Honor Staf Pengelola Keuangan ( 1 ORG X 12 BLN)', 6000000),
('521115', 49, 'Honor Pengelola PNBP ( 1 ORG X 12 BLN)', 3600000),
('521119A', 32, 'Keperluan Sehari-hari Perkantoran Lainnya', 49648000),
('521119F', 12, 'Bahan', 600000),
('521119F', 13, 'Kudapan (40 ORG X 3 KEG)', 1800000),
('521119G', 35, 'Kudapan ( 8 ORG X 6 BLN X 6 KEG)', 4032000),
('521131', 62, 'Vitamin/ Masker/ Handsanitizer [18 Org x 12 Keg]', 43200000),
('521811', 11, 'Belanja Barang Persediaan Barang Konsumsi', 5000000),
('522111', 52, 'Langganan Listrik', 60000000),
('522112', 53, 'Langganan Telepon', 3600000),
('522113', 54, 'Langganan Air', 6600000),
('522141', 55, 'Bantuan Sewa Rumah Dinas Hakim [2 ORG x 12 BLN]', 38880000),
('522191', 14, 'Jasa Rohaniwan', 900000),
('522192A', 28, 'Swab Antigen/PCR [20 Org x 1 Keg]', 5000000),
('522192H', 29, 'Rapid Antigen [3 Org x 2 PP x 7 Keg]', 12600000),
('522192I', 30, 'Rapid Antigen [2 Org x 2 PP x 4 Keg]', 4800000),
('522192J', 31, 'Penyemprotan Disinfektan', 5000000),
('523111', 26, 'Pemeliharaan Halaman Kantor', 4000000),
('523111', 27, 'Pemeliharaan Gedung Kantor', 221200000),
('523121', 1, 'Kendaraan Bermotor Roda 4', 33000000),
('523121', 2, 'Kendaraan Bermotor Roda 2', 11000000),
('523121', 3, 'Server', 30000000),
('523121', 4, 'PC/Komputer', 6750000),
('523121', 5, 'PC', 1460000),
('523121', 6, 'Printer', 3450000),
('523121', 7, 'AC Spilit', 3660000),
('523121', 8, 'Laptop', 7500000),
('523121', 9, 'Jaringan Komputer', 8000000),
('523121', 10, 'Inventaris Kantor', 2560000),
('524111H', 56, 'Tiket [3 Org x 1 PP x 7 Keg]', 105000000),
('524111H', 57, 'Penginapan [3 Org x 4 Hr x 7 Keg]', 58800000),
('524111H', 58, 'Uang Harian [3 Org x 5 Hr x 7 Keg]', 52500000),
('524111I', 59, 'Tiket [2 Org x 1 PP x 4 Keg]', 32000000),
('524111I', 60, 'Penginapan', 16560000),
('524111I', 61, 'Uang Harian [2 Org x 4 Hr x 4 Keg]', 15360000);

-- --------------------------------------------------------

--
-- Table structure for table `tb_drpp`
--

CREATE TABLE `tb_drpp` (
  `no_drpp` bigint(10) NOT NULL,
  `jumlah` bigint(10) NOT NULL,
  `tgl` timestamp NOT NULL DEFAULT current_timestamp() ON UPDATE current_timestamp()
) ENGINE=MyISAM DEFAULT CHARSET=latin1;

--
-- Dumping data for table `tb_drpp`
--

INSERT INTO `tb_drpp` (`no_drpp`, `jumlah`, `tgl`) VALUES
(2, 24076571, '2022-03-17 03:44:01'),
(1, 24991235, '2022-03-16 10:12:00'),
(3, 29183600, '2022-04-07 06:21:04'),
(4, 24494402, '2022-04-26 01:54:56');

-- --------------------------------------------------------

--
-- Table structure for table `tb_nota`
--

CREATE TABLE `tb_nota` (
  `id` int(10) NOT NULL,
  `no_drpp` varchar(20) DEFAULT NULL,
  `no_kwitansi` varchar(20) DEFAULT '0',
  `no_spby` varchar(30) DEFAULT NULL,
  `file` varchar(100) NOT NULL,
  `file_spby` varchar(20) NOT NULL DEFAULT '0',
  `file_kwitansi` varchar(20) DEFAULT '0',
  `id_akun` varchar(100) DEFAULT '0',
  `id_coa` varchar(100) DEFAULT '0',
  `id_subcoa` int(5) DEFAULT NULL,
  `id_status` varchar(5) NOT NULL DEFAULT '1',
  `deskripsi` varchar(200) DEFAULT NULL,
  `nominal` bigint(10) DEFAULT 0,
  `cara_bayar` int(5) DEFAULT 0,
  `created_at` timestamp NULL DEFAULT NULL,
  `updated_at` timestamp NULL DEFAULT NULL
) ENGINE=InnoDB DEFAULT CHARSET=utf8mb4;

--
-- Dumping data for table `tb_nota`
--

INSERT INTO `tb_nota` (`id`, `no_drpp`, `no_kwitansi`, `no_spby`, `file`, `file_spby`, `file_kwitansi`, `id_akun`, `id_coa`, `id_subcoa`, `id_status`, `deskripsi`, `nominal`, `cara_bayar`, `created_at`, `updated_at`) VALUES
(13, '2', NULL, '00041/PB/401899/2022', '1645077240.pdf', '0', '0', '521119F', '12', NULL, '3', 'Konsumsi pengambilan sumpah PNS', 375000, 1, '2022-02-22 05:53:53', '2022-02-24 14:04:49'),
(14, '2', NULL, '00037/PB/401899/2022', '1645077261.pdf', '0', '0', '521119F', '13', NULL, '3', 'Konsumsi pengambilan sumpah PNS', 208000, 1, '2022-02-22 05:53:53', '2022-02-24 14:06:42'),
(15, '2', NULL, '00038/PB/401899/2022', '1645077279.pdf', '0', '0', '523121', '1', NULL, '3', 'Pembelian BBM Mobil dinas', 200000, 1, '2022-02-22 05:53:53', '2022-02-24 14:04:08'),
(16, '2', NULL, '00040/PB/401899/2022', '1645077352.pdf', '0', '0', '522191', '14', NULL, '3', 'Jasa Rohaniawan', 300000, 1, '2022-02-22 05:53:53', '2022-02-24 14:06:58'),
(19, '2', NULL, '00042/PB/401899/2022', '1645166001.pdf', '0', '0', '523121', '1', NULL, '3', 'Pembelian BBM Mobil Dinas', 370000, 1, '2022-02-22 05:53:53', '2022-02-24 14:04:26'),
(20, '2', NULL, '00043/PB/401899/2022', '1645166031.pdf', '0', '0', '523121', '1', NULL, '3', 'Pembelian BBM Mobil Dinas', 20000, 1, '2022-02-22 05:53:53', '2022-02-24 14:03:33'),
(22, '2', NULL, '00044/PB/401899/2022', '1645167226.pdf', '0', '0', '523121', '1', NULL, '3', 'Servis Mobil Dinas', 3327272, 2, '2022-02-22 05:53:53', '0000-00-00 00:00:00'),
(26, '2', NULL, '00039/PB/401899/2022', '1645249139.pdf', '0', '0', '521119F', '12', NULL, '3', 'Pencetakan spanduk', 150000, 1, '2022-02-22 05:53:53', '0000-00-00 00:00:00'),
(35, '2', NULL, '00045/PB/401899/2022', '1645404499.pdf', '0', '0', '521111A', '25', NULL, '3', 'PENJILIDAN DOKUMEN', 155000, 1, '2022-02-22 05:53:53', '2022-02-24 13:57:52'),
(36, '2', NULL, '00047/PB/401899/2022', '1645404517.pdf', '0', '0', '521111A', '24', NULL, '3', 'PEMBELIAN AIR MINUM', 60000, 1, '2022-02-22 05:53:53', '2022-02-24 14:01:51'),
(37, '2', NULL, '00046/PB/401899/2022', '1645404535.pdf', '0', '0', '523121', '2', NULL, '3', 'Pembelian BBM Motor Dinas ( Sekretaris)', 35000, 1, '2022-02-22 05:53:53', '2022-02-24 14:02:31'),
(38, '2', NULL, '00048/PB/401899/2022', '1645412586.pdf', '0', '0', '523111', '27', NULL, '3', 'Pembelian Bahan Pemeliharaan', 50000, 1, '2022-02-22 05:53:53', '2022-02-24 13:52:39'),
(39, '2', NULL, '00049/PB/401899/2022', '1645432431.pdf', '0', '0', '522192I', '30', NULL, '3', 'Jasa Rapid Antigen dan PCR', 520000, 1, '2022-02-22 05:53:53', '2022-02-24 14:07:33'),
(40, '2', NULL, '00052/PB/401899/2022', '1645432442.pdf', '0', '0', '521119A', '31', NULL, '3', 'Belanja keperlua sehari-hari perkantoran', 250000, 1, '2022-02-22 05:53:53', '2022-02-24 14:03:56'),
(41, '2', NULL, '00050/PB/401899/2022', '1645432454.pdf', '0', '0', '523121', '6', NULL, '3', 'Pembelian Tinta Printer Epson', 330000, 1, '2022-02-22 05:53:53', '2022-02-24 14:02:15'),
(42, '2', NULL, '00051/PB/401899/2022', '1645432471.pdf', '0', '0', '522192I', '30', NULL, '3', 'Jasa Rapid Antigen untuk 1 Org Pegawai', 100000, 1, '2022-02-22 05:53:53', '2022-02-24 14:06:06'),
(54, '2', NULL, '00054/PB/401899/2022', '1645748638.pdf', '0', '0', '523111', '27', NULL, '3', 'PEMBELIAN BAHAN PEMELIHARAAN GEDUNG', 420000, 1, '2022-02-25 02:23:58', '2022-03-01 02:55:24'),
(55, '2', NULL, '00056/PB/401899/2022', '1645748651.pdf', '0', '0', '523111', '27', NULL, '3', 'PEMBELIAN BAHAN PEMELIHARAAN GEDUNG', 50000, 1, '2022-02-25 02:24:11', '2022-03-01 03:04:17'),
(56, '2', NULL, '00055/PB/401899/2022', '1645755981.pdf', '0', '0', '521119A', '32', NULL, '3', 'PEMBELIAN RAFIA UNTUK KEPRLUAN PERKANTORAN', 20000, 1, '2022-02-25 04:26:21', '2022-03-01 03:00:48'),
(59, '2', NULL, '00057/PB/401899/2022', '1646202692.pdf', '0', '0', '523121', '1', 5, '3', 'Pembayaran Biaya Tambal Ban Mobil', 35000, 1, '2022-03-02 08:31:32', '2022-03-04 10:56:01'),
(62, '2', NULL, '00058/PB/401899/2022', '1646359696.pdf', '0', '0', '522192H', '29', 101, '3', 'PEMBAYARAN JASA RAPID ANTIGEN UNTUK 3 ORANG', 690000, 1, '2022-03-04 04:08:16', '2022-03-04 11:04:31'),
(63, '2', NULL, '00065/PB/401899/2022', '1646383982.pdf', '0', '0', '523121', '2', 9, '3', 'PEMBELIAN BBM MOTOR DINAS', 30000, 1, '2022-03-04 10:53:02', '2022-03-08 03:50:20'),
(65, '2', NULL, '00060/PB/401899/2022', '1646636859.pdf', '0', '0', '523121', '1', 3, '3', 'PEMBELIAN BBM MOBIL DINAS', 350000, 1, '2022-03-07 09:07:39', '2022-03-08 03:25:21'),
(66, '2', NULL, '00061/PB/401899/2022', '1646636873.pdf', '0', '0', '521119G', '35', 101, '3', 'PEMBELIAN KUDAPAN', 240000, 1, '2022-03-07 09:07:53', '2022-03-08 03:28:15'),
(67, '2', NULL, '00062/PB/401899/2022', '1646636889.pdf', '0', '0', '523111', '27', 101, '3', 'PEMBELIAN BAHAN PEMELIHARAAN GEDUNG', 2360000, 2, '2022-03-07 09:08:09', '2022-03-08 03:31:50'),
(68, '2', NULL, '00066/PB/401899/2022', '1646636902.pdf', '0', '0', '523111', '27', 101, '3', 'BIAYA PERBAIKAN GUDANG', 300000, 1, '2022-03-07 09:08:22', '2022-03-10 03:40:11'),
(69, '2', NULL, '00063/PB/401899/2022', '1646636919.pdf', '0', '0', '521111B', '37', 101, '3', 'PEMBAYARAN TAGIHAN ALNGGANAN JASA IP PUBLIK TAMBAHAN 5 LINE', 625000, 2, '2022-03-07 09:08:39', '2022-03-08 03:41:07'),
(70, '2', NULL, '00064/PB/401899/2022', '1646636935.pdf', '0', '0', '521119A', '32', 101, '3', 'PEMBAYARAN JASA LAUNDRI TOGA HAKIM', 160000, 1, '2022-03-07 09:08:55', '2022-03-08 03:43:59'),
(71, '2', NULL, '00074/PB/401899/2022', '1646808420.pdf', '0', '0', '521111A', '24', 101, '3', 'PEMBELIAN AIR MINUM KEMASAN', 110000, 1, '2022-03-09 08:47:00', '2022-03-10 07:51:37'),
(72, '2', NULL, '00075/PB/401899/2022', '1646808432.pdf', '0', '0', '523121', '1', 3, '3', 'PEMBELIAN BBM MOBIL DINAS', 300000, 1, '2022-03-09 08:47:12', '2022-03-10 07:59:08'),
(73, '2', NULL, '00067/PB/401899/2022', '1646808442.pdf', '0', '0', '521119G', '35', 101, '3', 'PEMBELIAN KUDAPAN RAPAT', 200000, 1, '2022-03-09 08:47:22', '2022-03-10 07:27:07'),
(74, '2', NULL, '00072/PB/401899/2022', '1646809640.pdf', '0', '0', '521119G', '35', 101, '3', 'PEMBELIAN KUDAPAN RAPAT', 225000, 1, '2022-03-09 09:07:20', '2022-03-10 07:45:08'),
(75, '2', NULL, '00073/PB/401899/2022', '1646809655.pdf', '0', '0', '523121', '2', 9, '3', 'PEMBELIAN BBM MOTOR DINAS', 30000, 1, '2022-03-09 09:07:35', '2022-03-10 07:49:11'),
(76, '2', NULL, '00070/PB/401899/2022', '1646878584.pdf', '0', '0', '521111A', '24', 101, '3', 'PEMBELIAN AIR MINUM KEMASAN', 110000, 1, '2022-03-10 04:16:24', '2022-03-10 07:39:37'),
(77, '2', NULL, '00071/PB/401899/2022', '1646878597.pdf', '0', '0', '521111A', '25', 101, '3', 'PENJILIDAN BERKAS', 518000, 1, '2022-03-10 04:16:37', '2022-03-10 07:42:02'),
(78, '2', NULL, '00069/PB/401899/2022', '1646879426.pdf', '0', '0', '522111', '52', 101, '3', 'PEMBAYARAN TAGIHAN LANGGANAN DAYA LISTRIK BULAN MARET 2022', 1816599, 1, '2022-03-10 04:30:26', '2022-03-10 07:36:56'),
(79, '2', NULL, '00068/PB/401899/2022', '1646880008.pdf', '0', '0', '521119A', '32', 101, '3', 'RENTAL KENDARAAN RODA 4 SELAMA 2 HARI', 1000000, 1, '2022-03-10 04:40:08', '2022-03-10 07:33:43'),
(80, '2', NULL, '00084/PB/401899/2022', '1646895145.pdf', '0', '0', '521131', '62', 101, '3', 'PEMBELIAN BARANG PENANGGULANGAN PANDEMI COVID 19', 613000, 1, '2022-03-10 08:52:25', '2022-03-10 13:00:42'),
(81, '2', NULL, '00079/PB/401899/2022', '1646895158.pdf', '0', '0', '521131', '62', 101, '3', 'PEMBELIAN BARANG PENANGGULANGAN PANDEMI COVID 19', 180000, 2, '2022-03-10 08:52:38', '2022-03-10 12:45:29'),
(82, '2', NULL, '00080/PB/401899/2022', '1646895171.pdf', '0', '0', '521131', '62', 101, '3', 'PEMBELIAN BARANG PENANGGULANGAN PANDEMI COVID 19', 825000, 1, '2022-03-10 08:52:51', '2022-03-10 12:50:31'),
(83, '2', NULL, '00081/PB/401899/2022', '1646895183.pdf', '0', '0', '521131', '62', 101, '3', 'PEMBELIAN BARANG PENANGGULANGAN PANDEMI COVID 19', 375000, 2, '2022-03-10 08:53:03', '2022-03-10 12:53:11'),
(84, '2', NULL, '00082/PB/401899/2022', '1646895196.pdf', '0', '0', '521131', '62', 101, '3', 'PEMBELIAN BARANG PENANGGULANGAN PANDEMI COVID 19', 1338700, 2, '2022-03-10 08:53:16', '2022-03-10 12:56:01'),
(85, '2', NULL, '00083/PB/401899/2022', '1646895215.pdf', '0', '0', '521131', '62', 101, '3', 'PEMBELIAN BARANG PENANGGULANGAN PANDEMI COVID 19', 195000, 2, '2022-03-10 08:53:35', '2022-03-10 12:58:32'),
(86, '2', NULL, '00076/PB/401899/2022', '1646895225.pdf', '0', '0', '521119G', '35', 101, '3', 'PEMBELIAN KUDAPAN RAPAT', 200000, 1, '2022-03-10 08:53:45', '2022-03-10 12:27:13'),
(87, '2', NULL, '00078/PB/401899/2022', '1646898376.pdf', '0', '0', '523121', '1', 3, '3', 'PEMBELIAN BBM MOBIL DINAS', 50000, 1, '2022-03-10 09:46:16', '2022-03-10 12:35:15'),
(88, '2', NULL, '00077/PB/401899/2022', '1646898400.pdf', '0', '0', '523121', '2', 6, '3', 'PEMBELIAN BBM MOTOR DINAS', 200000, 1, '2022-03-10 09:46:40', '2022-03-10 12:31:46'),
(89, '3', '00094/KW/401899/2022', '00088/PB/401899/2022', '1647304463.pdf', '0', '0', '521111A', '24', 101, '3', 'PEMBELIAN AIR MINUM GALON ISI ULANG', 40000, 1, '2022-03-15 02:34:23', '2022-04-05 07:57:05'),
(90, '3', '00093/KW/401899/2022', '00087/PB/401899/2022', '1647304473.pdf', '0', '0', '523121', '1', 12, '3', 'BIAYA PENCUCIAN MOBIL DINAS', 50000, 1, '2022-03-15 02:34:33', '2022-04-05 07:57:38'),
(91, '3', '00092/KW/401899/2022', '00086/PB/401899/2022', '1647305242.pdf', '0', '0', '521119G', '35', 101, '3', 'PEMBELIAN KUDAPAN RAPAT', 90000, 1, '2022-03-15 02:47:22', '2022-04-05 07:58:06'),
(92, '3', '00091/KW/401899/2022', '00085/PB/401899/2022', '1647305252.pdf', '0', '0', '523121', '1', 3, '3', 'PEMBELIAN BBM MOBIL DINAS', 300000, 1, '2022-03-15 02:47:32', '2022-04-05 07:58:32'),
(95, '1', NULL, '00003/PB/401899/2022', '1647395538.pdf', '0', '0', '523121', '2', 9, '3', 'Pembelian BBM Motor Dinas', 30000, 1, '2022-03-16 03:52:18', '2022-03-16 08:12:10'),
(96, '1', NULL, '00005/PB/401899/2022', '1647395555.pdf', '0', '0', '521811', '11', 101, '3', 'Pembelian barang persediaan kantor', 56000, 1, '2022-03-16 03:52:35', '2022-03-16 08:12:49'),
(97, '1', NULL, '00006/PB/401899/2022', '1647395575.pdf', '0', '0', '523121', '1', 5, '3', 'Tambal ban kendaraan dinas Nopol PB 5147 K', 50000, 1, '2022-03-16 03:52:55', '2022-03-16 08:17:19'),
(98, '1', NULL, '00007/PB/401899/2022', '1647395625.pdf', '0', '0', '522111', '52', 101, '3', 'Pembayaran tagihan listrik bulan Desesmber 2021', 2346803, 2, '2022-03-16 03:53:45', '2022-03-16 08:17:47'),
(99, '1', NULL, '00009/PB/401899/2022', '1647395654.pdf', '0', '0', '522112', '53', 101, '3', 'Pembayaran telepon', 71000, 2, '2022-03-16 03:54:14', '2022-03-16 08:22:42'),
(100, '1', NULL, '00008/PB/401899/2022', '1647395704.pdf', '0', '0', '522112', '53', 101, '3', 'Pembayaran telepon', 71000, 2, '2022-03-16 03:55:04', '2022-03-16 08:22:10'),
(101, '1', NULL, '00010/PB/401899/2022', '1647395753.pdf', '0', '0', '522192A', '28', 101, '3', 'Biaya Swab antigen an Salamun Mustofa dan Novia Dwi Kusumawati', 420000, 1, '2022-03-16 03:55:53', '2022-03-16 08:30:20'),
(104, '1', NULL, '00013/PB/401899/2022', '1647395788.pdf', '0', '0', '523121', '1', 3, '3', 'Pembelian BBM kendaraan roda 4 nopol PB 5147 K', 200000, 1, '2022-03-16 03:56:28', '2022-03-16 08:38:03'),
(105, '1', NULL, '00014/PB/401899/2022', '1647395803.pdf', '0', '0', '521119A', '32', 101, '3', 'Belanja barang operasional berupa cetak spanduk', 300000, 1, '2022-03-16 03:56:43', '2022-03-16 08:38:36'),
(106, '1', NULL, '00015/PB/401899/2022', '1647395818.pdf', '0', '0', '523121', '1', 3, '3', 'Belanja pembelian BBM kendaraan roda 4 nopol PB 5147 K', 200000, 1, '2022-03-16 03:56:58', '2022-03-16 08:39:17'),
(107, '1', NULL, '00016/PB/401899/2022', '1647395831.pdf', '0', '0', '521111A', '24', 101, '3', 'Belanja keperluan kantor berupa pembelian air minum', 40000, 1, '2022-03-16 03:57:11', '2022-03-16 08:40:17'),
(108, '1', NULL, '00017/PB/401899/2022', '1647395841.pdf', '0', '0', '523121', '2', 9, '3', 'Belanja pembelian BBM kendaraan roda 2', 30000, 1, '2022-03-16 03:57:21', '2022-03-16 08:40:56'),
(109, '1', NULL, '00018/PB/401899/2022', '1647395870.pdf', '0', '0', '521119A', '32', 101, '3', 'Belanja barang operasional berupa pencetakan spanduk', 90000, 1, '2022-03-16 03:57:50', '2022-03-16 08:29:10'),
(110, '1', NULL, '00019/PB/401899/2022', '1647395888.pdf', '0', '0', '521114', '43', 101, '3', 'Pengiriman paket', 350000, 1, '2022-03-16 03:58:08', '2022-03-16 08:28:33'),
(111, '1', NULL, '00020/PB/401899/2022', '1647395897.pdf', '0', '0', '523121', '1', 3, '3', 'Belanja pembelian BBM kendaraan roda 4 nopol PB 5147 K', 316000, 1, '2022-03-16 03:58:17', '2022-03-16 08:24:32'),
(112, '1', NULL, '00021/PB/401899/2022', '1647395919.pdf', '0', '0', '523121', '1', 12, '3', 'Pembelian persediaan air minum', 60000, 1, '2022-03-16 03:58:39', '2022-03-16 08:23:51'),
(113, '1', NULL, '00022/PB/401899/2022', '1647395928.pdf', '0', '0', '521111A', '24', 101, '3', 'Pembelian persediaan air minum', 48000, 1, '2022-03-16 03:58:48', '2022-03-16 08:42:40'),
(114, '1', NULL, '00023/PB/401899/2022', '1647395941.pdf', '0', '0', '521111A', '24', 101, '3', 'Pembelian persediaan air minum', 18000, 1, '2022-03-16 03:59:01', '2022-03-16 08:43:14'),
(115, '1', NULL, '00024/PB/401899/2022', '1647395956.pdf', '0', '0', '521119A', '32', 101, '3', 'Belanja keperluan kantor lainya', 75000, 1, '2022-03-16 03:59:16', '2022-03-16 08:44:07'),
(116, '1', NULL, '00025/PB/401899/2022', '1647395970.pdf', '0', '0', '523121', '1', 12, '3', 'Belanja operasional berupa cuci mobil kendaraan roda 4 nopol PB 5147 K', 60000, 1, '2022-03-16 03:59:30', '2022-03-16 08:44:57'),
(117, '1', NULL, '00026/PB/401899/2022', '1647395981.pdf', '0', '0', '522111', '52', 101, '3', 'Pembayaran rekening listrik bulan Januari 2022', 2066532, 2, '2022-03-16 03:59:41', '2022-03-16 08:45:27'),
(118, '1', NULL, '00028/PB/401899/2022', '1647395993.pdf', '0', '0', '521811', '11', 101, '3', 'Pembelian ATK', 40000, 1, '2022-03-16 03:59:53', '2022-03-16 08:46:11'),
(119, '1', NULL, '00029/PB/401899/2022', '1647396010.pdf', '0', '0', '521811', '11', 101, '3', 'Belanja barang persediaan kantor', 186000, 1, '2022-03-16 04:00:10', '2022-03-16 08:47:03'),
(120, '1', NULL, '00030/PB/401899/2022', '1647396023.pdf', '0', '0', '523121', '1', 3, '3', 'Belanja pembelian BBM kendaraan roda 4 nopol PB 5147 K', 300000, 1, '2022-03-16 04:00:23', '2022-03-16 08:47:38'),
(121, '1', NULL, '00031/PB/401899/2022', '1647396034.pdf', '0', '0', '523121', '2', 10, '3', 'Pemeliharaan kendaraan dinas roda 2 nopol PB 6499 K', 170000, 1, '2022-03-16 04:00:34', '2022-03-16 08:48:45'),
(122, '1', NULL, '00032/PB/401899/2022', '1647396043.pdf', '0', '0', '523121', '1', 3, '3', 'Pemeliharaan kendaraan dinas roda 2 nopol PB 6499 K', 50000, 1, '2022-03-16 04:00:43', '2022-03-16 08:41:56'),
(123, '1', NULL, '00001/PB/401899/2022', '1647408274.pdf', '0', '0', '523121', '1', 3, '3', 'Pembelian BBM Kendaraan Dinas', 300196, 1, '2022-03-16 07:24:34', '2022-03-16 08:07:31'),
(124, '1', NULL, '00002/PB/401899/2022', '1647408287.pdf', '0', '0', '523121', '1', 3, '3', 'Pembelian BBM mobil Dinas Nopol PB 5147 K', 327704, 1, '2022-03-16 07:24:47', '2022-03-16 08:06:05'),
(125, '1', NULL, '00011/PB/401899/2022', '1647409216.pdf', '0', '0', '522192A', '28', 101, '3', 'Biaya Swab antigen an Salamun Mustofa dan Ahyas Widyatmaka', 638000, 1, '2022-03-16 07:40:16', '2022-03-16 08:04:20'),
(126, '1', NULL, '00012/PB/401899/2022', '1647409411.pdf', '0', '0', '521111B', '37', 101, '3', 'Biaya lengganan VPN', 1501000, 2, '2022-03-16 07:43:31', '2022-03-16 07:47:39'),
(127, '1', NULL, '00035/PB/401899/2022', '1647414946.pdf', '0', '0', '522141', '55', 101, '3', 'Pembayaran sewa rumah hakim an Lauhin Mahfudz Kamil periode Januari - Maret 2022', 4860000, 1, '2022-03-16 09:15:46', '2022-03-16 09:35:08'),
(128, '1', NULL, '00035/PB/401899/2022', '1647414956.pdf', '0', '0', '522141', '55', 101, '3', 'Pembayaran sewa rumah hakim an Lauhin Mahfudz Kamil periode Januari - Maret 2022', 4860000, 1, '2022-03-16 09:15:56', '2022-03-16 09:35:19'),
(129, '1', NULL, '00035/PB/401899/2022', '1647414971.pdf', '0', '0', '522141', '55', 101, '3', 'Pembayaran sewa rumah hakim an Lauhin Mahfudz Kamil periode Januari - Maret 2022', 4860000, 1, '2022-03-16 09:16:11', '2022-03-16 09:35:36'),
(130, '2', NULL, '00036/PB/401899/2022', '1647475620.pdf', '0', '0', '523121', '1', 12, '3', 'Belanja operasional berupa cuci mobil kendaraan roda 4 nopol PB 5147 K', 60000, 1, '2022-03-17 02:07:00', '2022-03-17 02:12:41'),
(131, '2', NULL, '00053/PB/401899/2022', '1647479134.pdf', '0', '0', '523111', '26', 101, '3', 'Pemeliharaan halaman kantor', 4000000, 2, '2022-03-17 03:05:34', '2022-03-17 03:10:49'),
(138, '3', '00095/KW/401899/2022', '00089/PB/401899/2022', '1647495607.pdf', '0', '0', '523121', '2', 9, '3', 'PEMBELIAN BBM', 30000, 1, '2022-03-17 07:40:07', '2022-04-05 07:42:26'),
(139, '3', '00097/KW/401899/2022', '00091/PB/401899/2022', '1647495619.pdf', '0', '0', '521811', '11', 101, '3', 'BELANJA BARANG PERSEDIAAN', 750000, 1, '2022-03-17 07:40:19', '2022-04-05 07:53:59'),
(140, '3', '00099/KW/401899/2022', '00093/PB/401899/2022', '1647495633.pdf', '0', '0', '521811', '11', 101, '3', 'BELANJA BARANG PERSEDIAAN', 34000, 1, '2022-03-17 07:40:33', '2022-04-05 07:53:28'),
(141, '3', '00096/KW/401899/2022', '00090/PB/401899/2022', '1647495643.pdf', '0', '0', '521811', '11', 101, '3', 'BELANJA BARANG PERSEDIAAN', 360000, 1, '2022-03-17 07:40:43', '2022-04-05 07:54:30'),
(142, '3', '00098/KW/401899/2022', '00092/PB/401899/2022', '1647495657.pdf', '0', '0', '521811', '11', 101, '3', 'BELANJA BARANG PERSEDIAAN', 414000, 1, '2022-03-17 07:40:57', '2022-04-05 07:55:51'),
(143, '3', '00100/KW/401899/2022', '00094/PB/401899/2022', '1647495670.pdf', '0', '0', '521131', '62', 101, '3', 'BELANJA BARANG PENANGANAN PANDEMI COVID-19', 588000, 1, '2022-03-17 07:41:10', '2022-04-05 07:56:18'),
(144, '3', '00101/KW/401899/2022', '00095/PB/401899/2022', '1647495679.pdf', '0', '0', '522192J', '31', 101, '3', 'BELANJA BARANG PENANGANAN PANDEMI COVID-19', 300000, 1, '2022-03-17 07:41:19', '2022-04-05 07:56:41'),
(156, '3', '00102/KW/401899/2022', '00096/PB/401899/2022', '1647566110.pdf', '0', '0', '521131', '62', 101, '3', 'BELANJA BARANG PENANGANAN PANDEMI COVID-19', 35000, 1, '2022-03-18 03:15:10', '2022-04-05 07:53:04'),
(157, '3', '00103/KW/401899/2022', '00097/PB/401899/2022', '1647566126.pdf', '0', '0', '521131', '62', 101, '3', 'BELANJA BARANG PENANGANAN PANDEMI COVID-19', 145000, 1, '2022-03-18 03:15:26', '2022-04-05 07:52:20'),
(159, '3', '00104/KW/401899/2022', '00098/PB/401899/2022', '1647582278.pdf', '0', '0', '523121', '2', 9, '3', 'PEMBELIAN BBM', 30000, 1, '2022-03-18 07:44:38', '2022-04-05 07:51:44'),
(160, '3', '00105/KW/401899/2022', '00099/PB/401899/2022', '1647824104.pdf', '0', '0', '523111', '27', 101, '3', 'BELANJA BARANG BAHAN PEMELIHARAAN GEDUNG DAN BANGUNAN', 2350000, 1, '2022-03-21 02:55:04', '2022-04-05 07:51:12'),
(163, '3', '00117/KW/401899/2022', '00111/PB/401899/2022', '1647998111.pdf', '0', '0', '523111', '27', 101, '3', 'PEMBAYARAN BIAYA PERBAIKAN LANTAI GARASI', 252600, 1, '2022-03-23 03:15:11', '2022-04-05 07:43:33'),
(164, '3', '00116/KW/401899/2022', '00110/PB/401899/2022', '1647998124.pdf', '0', '0', '523111', '27', 101, '3', 'PEMBAYARAN BIAYA PERBAIKAN LANTAI GARASI', 500000, 1, '2022-03-23 03:15:24', '2022-04-05 07:44:01'),
(165, '3', '00115/KW/401899/2022', '00109/PB/401899/2022', '1647998140.pdf', '0', '0', '523111', '27', 101, '3', 'PEMBAYARAN BIAYA PERBAIKAN LANTAI GARASI', 100000, 1, '2022-03-23 03:15:40', '2022-04-05 07:44:28'),
(166, '3', '00114/KW/401899/2022', '00108/PB/401899/2022', '1647998158.pdf', '0', '0', '523111', '27', 101, '3', 'BELANJA BARANG BAHAN PEMELIHARAAN GEDUNG DAN BANGUNAN', 413000, 1, '2022-03-23 03:15:58', '2022-04-05 07:44:55'),
(167, '3', '00113/KW/401899/2022', '00107/PB/401899/2022', '1647998172.pdf', '0', '0', '523121', '2', 9, '3', 'PEMBELIAN BBM', 30000, 1, '2022-03-23 03:16:12', '2022-04-05 07:45:22'),
(168, '3', '00112/KW/401899/2022', '00106/PB/401899/2022', '1647998186.pdf', '0', '0', '523111', '27', 101, '3', 'PEMBAYARAN BIAYA PERBAIKAN LANTAI GARASI', 500000, 1, '2022-03-23 03:16:26', '2022-04-05 07:45:41'),
(169, '3', '00111/KW/401899/2022', '00105/PB/401899/2022', '1647998218.pdf', '0', '0', '523111', '27', 101, '3', 'BELANJA BARANG BAHAN PEMELIHARAAN GEDUNG DAN BANGUNAN', 1000000, 1, '2022-03-23 03:16:58', '2022-04-05 07:46:11'),
(170, '3', '00106/KW/401899/2022', '00100/PB/401899/2022', '1647998230.pdf', '0', '0', '523111', '27', 101, '3', 'BELANJA BARANG BAHAN PEMELIHARAAN GEDUNG DAN BANGUNAN', 80000, 1, '2022-03-23 03:17:10', '2022-04-05 07:50:38'),
(171, '3', '00107/KW/401899/2022', '00101/PB/401899/2022', '1647998247.pdf', '0', '0', '521111A', '24', 101, '3', 'BELANJA AIR MINUM KEMASAN', 96000, 1, '2022-03-23 03:17:27', '2022-04-05 07:50:07'),
(172, '3', '00108/KW/401899/2022', '00102/PB/401899/2022', '1647998263.pdf', '0', '0', '523111', '27', 101, '3', 'BELANJA BARANG BAHAN PEMELIHARAAN GEDUNG DAN BANGUNAN', 214000, 1, '2022-03-23 03:17:43', '2022-04-05 07:49:39'),
(173, '3', '00118/KW/401899/2022', '00103/PB/401899/2022', '1647998284.pdf', '0', '0', '523111', '27', 101, '3', 'BELANJA BARANG BAHAN PEMELIHARAAN GEDUNG DAN BANGUNAN', 57000, 1, '2022-03-23 03:18:04', '2022-04-05 07:47:14'),
(174, '3', '00110/KW/401899/2022', '00104/PB/401899/2022', '1647998296.pdf', '0', '0', '523111', '27', 101, '3', 'BELANJA BARANG BAHAN PEMELIHARAAN GEDUNG DAN BANGUNAN', 1185000, 1, '2022-03-23 03:18:16', '2022-04-05 07:46:46'),
(175, '3', '00119/KW/401899/2022', '00112/PB/401899/2022', '1648080684.pdf', '0', '0', '523121', '1', 12, '3', 'PEMBAYARAN BIAYA CUCI MOBIL DINAS', 50000, 1, '2022-03-24 02:11:24', '2022-04-05 07:40:00'),
(176, '3', '00120/KW/401899/2022', '00113/PB/401899/2022', '1648080722.pdf', '0', '0', '523121', '1', 3, '3', 'PEMBELIAN BBM', 250000, 1, '2022-03-24 02:12:02', '2022-04-05 07:38:52'),
(178, '3', '00122/KW/401899/2022', '00115/PB/401899/2022', '1648087985.pdf', '0', '0', '523121', '2', 9, '3', 'PEMBELIAN BBM', 33000, 1, '2022-03-24 04:13:05', '2022-04-05 07:36:13'),
(179, '3', '00123/KW/401899/2022', '00114/PB/401899/2022', '1648088001.pdf', '0', '0', '523121', '9', 101, '3', 'BELANJA BAHAN PEMELIHARAAN JARINGAN KOMPUTER', 168000, 1, '2022-03-24 04:13:21', '2022-04-05 07:36:46'),
(180, '3', '00128/KW/401899/2022', '00120/PB/401899/2022', '1648683815.pdf', '0', '0', '521111A', '24', 101, '3', 'BELANJA AIR MINUM GALON ISI ULANG', 30000, 1, '2022-03-31 01:43:35', '2022-04-05 07:33:43'),
(181, '3', '00129/KW/401899/2022', '00121/PB/401899/2022', '1648683834.pdf', '0', '0', '523121', '1', 3, '3', 'BELANAJA BBM MOBIL DINAS', 290000, 1, '2022-03-31 01:43:54', '2022-04-05 07:33:06'),
(182, '3', '00130/KW/401899/2022', '00122/PB/401899/2022', '1648683852.pdf', '0', '0', '523111', '27', 101, '3', 'PEMBAYARAN BIAYA PERBAIKAN LANTAI GARASI', 500000, 1, '2022-03-31 01:44:12', '2022-04-05 07:31:21'),
(183, '3', '00131/KW/401899/2022', '00123/PB/401899/2022', '1648683874.pdf', '0', '0', '523111', '27', 101, '3', 'PEMBAYARAN BIAYA PERBAIKAN LANTAI GARASI', 100000, 1, '2022-03-31 01:44:34', '2022-04-05 07:30:49'),
(184, '3', '00132/KW/401899/2022', '00124/PB/401899/2022', '1648683893.pdf', '0', '0', '523111', '27', 101, '3', 'BELANJA BARANG BAHAN PEMELIHARAN GEDUNG', 1760000, 1, '2022-03-31 01:44:53', '2022-04-05 07:30:26'),
(185, '3', '00133/KW/401899/2022', '00125/PB/401899/2022', '1648683914.pdf', '0', '0', '523111', '27', 101, '3', 'BELANJA BARANG BAHAN PEMELIHARAN GEDUNG', 1540000, 1, '2022-03-31 01:45:14', '2022-04-05 07:30:00'),
(186, '3', '00125/KW/401899/2022', '00117/PB/401899/2022', '1648683938.pdf', '0', '0', '523121', '2', 9, '3', 'BELANJA BBM MOTOR DINAS', 38000, 1, '2022-03-31 01:45:38', '2022-04-05 07:35:13'),
(187, '3', '00124/KW/401899/2022', '00116/PB/401899/2022', '1648683955.pdf', '0', '0', '523111', '27', 101, '3', 'PEMBAYARAN BIAYA PERBAIKAN LANTAI GARASI', 500000, 1, '2022-03-31 01:45:55', '2022-04-05 07:35:45'),
(188, '3', '00127/KW/401899/2022', '00119/PB/401899/2022', '1648704865.pdf', '0', '0', '521119G', '35', 101, '3', 'BELANJA KUDAPAN RAPAT PENANDATANGANAN PAKTA INTEGRITAS', 300000, 1, '2022-03-31 07:34:25', '2022-04-05 07:34:17'),
(189, '3', '00126/KW/401899/2022', '00118/PB/401899/2022', '1648704881.pdf', '0', '0', '521119G', '35', 101, '3', 'BELANJA KUDAPAN RAPAT PENANDATANGANAN PAKTA INTEGRITAS', 100000, 1, '2022-03-31 07:34:41', '2022-04-05 07:34:42'),
(190, '3', '00136/KW/401899/2022', '00127/PB/401899/2022', '1649036492.pdf', '0', '0', '521131', '62', 101, '3', 'BELANJA BARANG PENANGANAN PANDEMI COVID-19', 1488000, 1, '2022-04-04 03:41:32', '2022-04-05 07:28:56'),
(191, '3', '00134/KW/401899/2022', '00128/PB/401899/2022', '1649040690.pdf', '0', '0', '521111B', '37', 101, '3', 'LANGGANAN JASA IP PUBLIK BULAN APRIL-JUNI 2022', 1875000, 2, '2022-04-04 04:51:30', '2022-04-05 07:28:17'),
(192, '3', '00135/KW/401899/2022', '00126/PB/401899/2022', '1649040703.pdf', '0', '0', '521111A', '25', 101, '3', 'BELANJA BAHAN PENJILIDAN', 192000, 1, '2022-04-04 04:51:43', '2022-04-05 07:29:30'),
(193, '3', '00139/KW/401899/2022', '00131/PB/401899/2022', '1649040717.pdf', '0', '0', '523121', '2', 9, '3', 'PEMBELIAN BBM MOTOR DINAS', 46000, 1, '2022-04-04 04:51:57', '2022-04-05 07:25:47'),
(194, '3', '00138/KW/401899/2022', '00130/PB/401899/2022', '1649040730.pdf', '0', '0', '521119A', '32', 101, '3', 'BELANJA KEPERLUAN SEHARI-HARI PERKANTORAN', 200000, 1, '2022-04-04 04:52:10', '2022-04-05 07:26:55'),
(195, '3', '00137/KW/401899/2022', '00129/PB/401899/2022', '1649040745.pdf', '0', '0', '523121', '1', 12, '3', 'PEMBAYARAN BIAYA CUCI MOBIL DINAS', 60000, 1, '2022-04-04 04:52:25', '2022-04-05 07:27:36'),
(196, '3', '00141/KW/401899/2022', '00133/PB/401899/2022', '1649212700.pdf', '0', '0', '522141', '55', 101, '3', 'BELANJA SEWA RUMAH DINAS WAKIL', 4860000, 1, '2022-04-06 04:38:20', '2022-04-06 14:01:25'),
(197, '3', '00140/KW/401899/2022', '00132/PB/401899/2022', '1649212739.pdf', '0', '0', '522141', '55', 101, '3', 'PEMBAYARAN SEWA RUMA DINAS KETUA', 4860000, 1, '2022-04-06 04:38:59', '2022-04-06 14:00:04'),
(198, '4', '00142/KW/401899/2022', '00134/PB/401899/2022', '1649305714.pdf', '1649913248.pdf', '1649914634.pdf', '522141', '55', 101, '3', 'PEMBAYARAN SEWA RUMAH DINAS HAKIM (LAUHIN MAHFUDZ AKMIL, S.H.) BULAN APRIL-JUNI 2022', 4860000, 1, '2022-04-07 06:28:34', '2022-04-08 02:15:03'),
(199, '4', '00143/KW/401899/2022', '00135/PB/401899/2022', '1649305731.pdf', '1649913292.pdf', '1649914593.pdf', '523121', '1', 3, '3', 'PEMBELIAN BBM MOBIL DINAS', 400000, 1, '2022-04-07 06:28:51', '2022-04-08 02:20:54'),
(200, '4', '00144/KW/401899/2022', '00136/PB/401899/2022', '1649395571.pdf', '1649913325.pdf', '1649914574.pdf', '521111B', '37', 101, '3', 'PEMBAYARAN TAGIHAN IP PUBLIK 1 BULAN APRIL - JUNI 2022', 1500000, 2, '2022-04-08 07:26:11', '2022-04-11 04:39:04'),
(201, '4', '00145/KW/401899/2022', '00137/PB/401899/2022', '1649396043.pdf', '1649913359.pdf', '1649914552.pdf', '521119A', '32', 101, '3', 'BELANJA BARANG KEPERLUAN SEHARI-HARI PERKANTORAN', 180000, 1, '2022-04-08 07:34:03', '2022-04-11 04:39:39'),
(202, '4', '00146/KW/401899/2022', '00138/PB/401899/2022', '1649396064.pdf', '1649913381.pdf', '1649914537.pdf', '521119A', '32', 101, '3', 'BELANJA KEPERLUAN SEHARI-HARI PRKANTORAN', 300000, 1, '2022-04-08 07:34:24', '2022-04-11 04:40:04'),
(203, '4', '00147/KW/401899/2022', '00139/PB/401899/2022', '1649396103.pdf', '1649913402.pdf', '1649914521.pdf', '523121', '2', 9, '3', 'PEMBELIAN BBM MOTOR DINAS', 45000, 1, '2022-04-08 07:35:03', '2022-04-11 04:40:24'),
(204, '4', '00148/KW/401899/2022', '00140/PB/401899/2022', '1649399065.pdf', '1649913422.pdf', '1649914483.pdf', '521811', '11', 101, '3', 'BELANJA BARANG PERSEDIAAN', 345000, 1, '2022-04-08 08:24:25', '2022-04-11 04:40:41'),
(205, '4', '00149/KW/401899/2022', '00141/PB/401899/2022', '1649806469.pdf', '1649913439.pdf', '1649914469.pdf', '523121', '2', 9, '3', 'BELANJA BBM MOTOR DINAS', 40000, 1, '2022-04-13 01:34:29', '2022-04-14 01:36:33'),
(206, '4', '00150/KW/401899/2022', '00142/PB/401899/2022', '1649806489.pdf', '1649913465.pdf', '1649914433.pdf', '523121', '2', 10, '3', 'BELANJA PEMELIHARAAN MOTOR DINAS', 235000, 1, '2022-04-13 01:34:49', '2022-04-14 01:37:32'),
(207, '4', '00151/KW/401899/2022', '00143/PB/401899/2022', '1649806504.pdf', '1649913486.pdf', '1649914391.pdf', '523121', '2', 10, '3', 'BELANJA PEMELIHARAN MOTOR DINAS', 100000, 1, '2022-04-13 01:35:04', '2022-04-14 01:39:10'),
(208, '4', '00152/KW/401899/2022', '00144/PB/401899/2022', '1649806524.pdf', '1649915269.pdf', '1649915346.pdf', '523121', '2', 10, '3', 'BELANJA PEMELIHARAAN MOTOR DINAS', 305000, 1, '2022-04-13 01:35:24', '2022-04-14 01:40:06'),
(209, '4', '00153/KW/401899/2022', '00145/PB/401899/2022', '1650343816.pdf', '1650502356.pdf', '1650502320.pdf', '523111', '27', 101, '3', 'BELANJA BAHAN PEMELIHARAAN GEDUNG DAN BANGUNAN', 200000, 1, '2022-04-19 06:50:16', '2022-04-21 01:37:25'),
(210, '4', '00154/KW/401899/2022', '00146/PB/401899/2022', '1650343835.pdf', '1650502530.pdf', '1650502617.pdf', '523111', '27', 101, '3', 'BELANJA JASA TENAGA KERJA PEMELIHARAAN GEDUNG DAN BANGUNAN', 500000, 1, '2022-04-19 06:50:35', '2022-04-21 01:38:45'),
(212, '4', '00155/KW/401899/2022', '00147/PB/401899/2022', '1650343876.pdf', '1650502854.pdf', '1650502835.pdf', '523111', '27', 101, '3', 'BELANJA JASA TENAGA KERJA PEMELIHARAN GEDUNG DAN BANGUNAN', 1000000, 1, '2022-04-19 06:51:16', '2022-04-21 01:40:01'),
(213, '4', '00161/KW/401899/2022', '00148/PB/401899/2022', '1650343904.pdf', '1650503008.pdf', '1650503039.pdf', '523111', '27', 101, '3', 'BELANJA BAHAN PEMELIHARAAN GEDUNG DAN BANGUNAN', 1980000, 1, '2022-04-19 06:51:44', '2022-04-21 02:23:31'),
(214, '4', '00157/KW/401899/2022', '00149/PB/401899/2022', '1650343924.pdf', '1650503184.pdf', '1650503216.pdf', '523111', '27', 101, '3', 'BELANJA BAHAN PEMELIHARAAN GEDUNG DAN BANGUNAN', 150000, 1, '2022-04-19 06:52:04', '2022-04-21 01:42:32'),
(215, '4', '00158/KW/401899/2022', '00150/PB/401899/2022', '1650343942.pdf', '1650503380.pdf', '1650503432.pdf', '523121', '2', 9, '3', 'BELANJA BBM MOTOR DINAS', 46000, 1, '2022-04-19 06:52:22', '2022-04-21 01:43:39'),
(216, '4', '00159/KW/401899/2022', '00151/PB/401899/2022', '1650343957.pdf', '1650503696.pdf', '1650503719.pdf', '523111', '27', 101, '3', 'BELANJA BAHAN PEMELIHARAAN GEDUNG DAN BANGUNAN', 750000, 1, '2022-04-19 06:52:37', '2022-04-21 01:44:59'),
(217, '4', '00160/KW/401899/2022', '00152/PB/401899/2022', '1650344250.pdf', '1650503742.pdf', '1650503758.pdf', '523111', '27', 101, '3', 'BELANJA BAHAN PEMELIHARAAN GEDUNG DAN BANGUNAN', 800000, 1, '2022-04-19 06:57:30', '2022-04-21 01:46:12'),
(218, '4', '00162/KW/401899/2022', '00153/PB/401899/2022', '1650501399.pdf', '1650769458.pdf', '1650771108.pdf', '523121', '1', 12, '3', 'PEMBAYARAN BIAYA PERAWATAN MOBIL DINAS BERUPA CUCI MOBIL', 70000, 1, '2022-04-21 02:36:39', '2022-04-22 08:29:04'),
(219, '4', '00164/KW/401899/2022', '00154/PB/401899/2022', '1650501413.pdf', '1650769704.pdf', '1650771177.pdf', '523121', '1', 3, '3', 'BELANJA BBM MOBIL DINAS', 400000, 1, '2022-04-21 02:36:53', '2022-04-22 08:31:40'),
(220, '4', '00163/KW/401899/2022', '00155/PB/401899/2022', '1650501426.pdf', '1650769779.pdf', '1650771199.pdf', '522111', '52', 101, '3', 'PEMBAYARAN TAGIHAN ALNGGANAN LISTRIK BULAN APRIL 2022', 2592402, 2, '2022-04-21 02:37:06', '2022-04-22 08:30:22'),
(221, '4', '00165/KW/401899/2022', '00156/PB/401899/2022', '1650611053.pdf', '1650769873.pdf', '1650771218.pdf', '521119A', '32', 101, '3', 'BELANJA KEPERLUAN SEHARI-HARI PERKANTORAN', 50000, 1, '2022-04-22 09:04:13', '2022-04-22 09:25:44'),
(222, '4', '00166/KW/401899/2022', '00157/PB/401899/2022', '1650611076.pdf', '1650769978.pdf', '1650771241.pdf', '523121', '2', 9, '3', 'BELANJA BBM MOTOR DINAS', 50000, 1, '2022-04-22 09:04:36', '2022-04-22 09:26:10'),
(223, '4', '00167/KW/401899/2022', '00158/PB/401899/2022', '1650843119.pdf', '0', '0', '523121', '1', 3, '3', 'BELANJA BBM MOBIL DINAS', 100000, 1, '2022-04-25 01:31:59', '2022-04-25 07:04:08'),
(224, '4', '00168/KW/401899/2022', '00159/PB/401899/2022', '1650843133.pdf', '0', '0', '523111', '27', 101, '3', 'BELANJA BAHAN PEMELIHARAAN GEDUNG DAN BANGUNAN', 70000, 1, '2022-04-25 01:32:13', '2022-04-25 07:07:35'),
(225, '4', '00169/KW/401899/2022', '00160/PB/401899/2022', '1650849376.pdf', '0', '0', '521131', '62', 101, '3', 'BELANJA BARANG PENANGANAN PANDEMI COVID-19', 1176000, 1, '2022-04-25 03:16:16', '2022-04-25 07:10:23'),
(226, '4', '00170/KW/401899/2022', '00161/PB/401899/2022', '1650849394.pdf', '0', '0', '521131', '62', 101, '3', 'BELANJA BARANG PENANGANAN PANDEMI COVID-19', 360000, 1, '2022-04-25 03:16:34', '2022-04-25 07:12:15'),
(227, '4', '00171/KW/401899/2022', '00162/PB/401899/2022', '1650849408.pdf', '0', '0', '521131', '62', 101, '3', 'BELANJA BARANG PENANGANAN PANDEMI COVID-19', 180000, 1, '2022-04-25 03:16:48', '2022-04-25 07:13:26'),
(228, '4', '00172/KW/401899/2022', '00163/PB/401899/2022', '1650849431.pdf', '0', '0', '523111', '27', 101, '3', 'BELANJA BAHAN PEMELIHARAAN GEDUNG DAN BANGUNAN', 150000, 1, '2022-04-25 03:17:11', '2022-04-25 07:14:30'),
(229, '4', '00173/KW/401899/2022', '00164/PB/401899/2022', '1650849453.pdf', '0', '0', '523111', '27', 101, '3', 'BELANJA JASA TENAGA KERJA PEMELIHARAAN GEDUNG DAN BANGUNAN', 500000, 1, '2022-04-25 03:17:33', '2022-04-25 07:16:17'),
(230, '4', '00174/KW/401899/2022', '00165/PB/401899/2022', '1650849470.pdf', '0', '0', '521119A', '32', 101, '3', 'BELANJA KEPERLUAN SEHARI HARI PERKANTORAN', 150000, 1, '2022-04-25 03:17:50', '2022-04-25 07:17:50'),
(231, '4', '00175/KW/401899/2022', '00166/PB/401899/2022', '1650849496.pdf', '0', '0', '523111', '27', 101, '3', 'BELANJA BAHAN PEMELIHARAAN GEDUNG DAN ABNGUNAN', 1650000, 1, '2022-04-25 03:18:16', '2022-04-25 07:32:10'),
(232, '4', '00176/KW/401899/2022', '00172/PB/401899/2022', '1650849515.pdf', '0', '0', '523111', '27', 101, '3', 'BELANJA BAHAN PEMELIHARAAN GEDUNG DAN BANGUNAN', 1650000, 1, '2022-04-25 03:18:35', '2022-04-25 07:33:26'),
(233, '4', '00177/KW/401899/2022', '00167/PB/401899/2022', '1650849539.pdf', '0', '0', '523121', '2', 9, '3', 'BELANJA BBM MOTOR DINAS', 44000, 1, '2022-04-25 03:18:59', '2022-04-25 07:34:44'),
(234, '4', '00178/KW/401899/2022', '00168/PB/401899/2022', '1650849554.pdf', '0', '0', '523111', '27', 101, '3', 'BELANJA BAHAN PEMELIHARAAN GEDUNG DAN BANGUNAN', 450000, 1, '2022-04-25 03:19:14', '2022-04-25 07:35:55'),
(235, '4', '00179/KW/401899/2022', '00169/PB/401899/2022', '1650849573.pdf', '0', '0', '523111', '27', 101, '3', 'BELANJA BAHAN PEMELIHARAAN GEDUNG DAN BANGUNAN', 200000, 1, '2022-04-25 03:19:33', '2022-04-25 07:37:15'),
(236, '4', '00180/KW/401899/2022', '00170/PB/401899/2022', '1650849591.pdf', '0', '0', '521119A', '32', 101, '3', 'BELANJA KEPERLAUN SEHARI HARI PERKANTORAN', 301000, 1, '2022-04-25 03:19:51', '2022-04-25 07:38:26'),
(237, '4', '00181/KW/401899/2022', '00171/PB/401899/2022', '1650849613.pdf', '0', '0', '523111', '27', 101, '3', 'BELANJA BAHAN PEMELIHARAAN GEDUNG DAN BANGUNAN', 210000, 1, '2022-04-25 03:20:13', '2022-04-25 07:39:48'),
(238, '4', '00182/KW/401899/2022', '00173/PB/401899/2022', '1650862362.pdf', '0', '0', '523121', '2', 9, '3', 'PEMBELIAN BBM MOTOR DINAS', 30000, 1, '2022-04-25 06:52:42', '2022-04-25 07:49:02'),
(240, '4', '00183/KW/401899/2022', '00174/PB/401899/2022', '1650862476.pdf', '0', '0', '523121', '1', 3, '3', 'PEMBELIAN BBM MOBIL DINAS', 375000, 1, '2022-04-25 06:54:36', '2022-04-25 07:51:55'),
(241, NULL, '00184/KW/401899/2022', '00176/PB/401899/2022', '1652059671.pdf', '1652319288.pdf', '1652319686.pdf', '521119A', '32', 101, '3', 'BELANJA KEPERLUAN SEHARI HARI PERKANTORAN', 385000, 1, '2022-05-09 03:27:51', '2022-05-12 03:57:44'),
(242, NULL, '00187/KW/401899/2022', '00177/PB/401899/2022', '1652163448.pdf', '1652319249.pdf', '1652320820.pdf', '523111', '27', 101, '3', 'BELANJA BAHAN PEMELIHARAAN GEDUNG KANTOR', 5675483, 1, '2022-05-10 08:17:28', '2022-05-12 03:58:55'),
(243, NULL, '00185/KW/401899/2022', '00178/PB/401899/2022', '1652163463.pdf', '1652319231.pdf', '1652320859.pdf', '523121', '2', 10, '3', 'PEMBAYARAN BIAYA PENGGANTIAN BAN MOTOR DINAS', 290000, 1, '2022-05-10 08:17:43', '2022-05-12 03:59:24'),
(244, NULL, '00186/KW/401899/2022', '00179/PB/401899/2022', '1652163482.pdf', '1652318511.pdf', '1652320876.pdf', '523121', '2', 9, '3', 'PEMBELIAN BBM MOTOR DINAS', 50000, 1, '2022-05-10 08:18:02', '2022-05-12 03:59:57');

-- --------------------------------------------------------

--
-- Table structure for table `tb_status`
--

CREATE TABLE `tb_status` (
  `id` int(5) NOT NULL,
  `status` varchar(20) NOT NULL
) ENGINE=MyISAM DEFAULT CHARSET=latin1;

--
-- Dumping data for table `tb_status`
--

INSERT INTO `tb_status` (`id`, `status`) VALUES
(1, 'null'),
(2, 'Input PPK'),
(3, 'Input SAKTI'),
(4, 'Input Bendahara'),
(5, 'Batal Input SAKTI');

-- --------------------------------------------------------

--
-- Table structure for table `tb_sub_coa`
--

CREATE TABLE `tb_sub_coa` (
  `id_coa` int(10) NOT NULL,
  `id_subcoa` int(10) NOT NULL,
  `keterangan` varchar(50) DEFAULT NULL
) ENGINE=MyISAM DEFAULT CHARSET=latin1;

--
-- Dumping data for table `tb_sub_coa`
--

INSERT INTO `tb_sub_coa` (`id_coa`, `id_subcoa`, `keterangan`) VALUES
(1, 3, 'Pembelian BBM mobil dinas nopol PB 5147 K'),
(1, 4, 'Sevice Rutin mobil dinas nopol PB 5147 K'),
(1, 5, 'Tambal ban mobil dinas nopol PB 5147 K'),
(2, 6, 'Pembelian BBM motor dinas merah nopol PB 6499 K'),
(2, 7, 'Service rutin motor dinas merah nopol PB 6499 K'),
(2, 8, 'Tambal ban motor dinas merah nopol PB 6499 K'),
(2, 9, 'Pembelian BBM motor dinas kuning nopol PB 6500 K'),
(2, 10, 'Service rutin motor dinas merah nopol PB 6500 K'),
(2, 11, 'Tambal ban motor dinas merah nopol PB 6500 K'),
(1, 12, 'Perawatan Mobil Dinas PB 5147');

-- --------------------------------------------------------

--
-- Table structure for table `users`
--

CREATE TABLE `users` (
  `id` int(5) NOT NULL,
  `name` varchar(50) NOT NULL,
  `email` varchar(50) NOT NULL,
  `password` varchar(100) NOT NULL,
  `level` int(5) DEFAULT NULL,
  `remember_token` varchar(100) DEFAULT NULL,
  `email_verified_at` timestamp NOT NULL DEFAULT current_timestamp() ON UPDATE current_timestamp(),
  `created_at` timestamp NOT NULL DEFAULT '0000-00-00 00:00:00',
  `updated_at` timestamp NOT NULL DEFAULT '0000-00-00 00:00:00'
) ENGINE=InnoDB DEFAULT CHARSET=latin1;

--
-- Dumping data for table `users`
--

INSERT INTO `users` (`id`, `name`, `email`, `password`, `level`, `remember_token`, `email_verified_at`, `created_at`, `updated_at`) VALUES
(1, 'ahyas', 'ahyasw@gmail.com', '$2y$10$Ol8/LJ7hTsyeIa.bZ0yQVubKyduaEROqUEypu1FlSxfzTu61zNd8O', 1, 'G8L72Z5Hcu94SlpInChRqdhihCbSfIO1pmCt7E1YANO2bAbeIrGpb1MNYMag', '2022-02-17 13:33:19', '2022-02-11 14:46:50', '2022-02-11 14:46:50'),
(2, 'ppk', 'ppk@pakaimana.com', '$2y$10$hXrZ6NzRZDggFVlU.58CbeTOMtcTN7pK3l4NLzlI2flqAhexGljcm', 2, NULL, '2022-02-17 13:38:48', '2022-02-17 04:36:47', '2022-02-17 04:36:47'),
(3, 'bendahara', 'bendahara@pakaimana.com', '$2y$10$HuHgnGZu6mX7.Ne8X5u3GeFUAGaHJARDXjhDYLe0j4i6fMuwpOrA2', 3, NULL, '2022-02-17 13:38:52', '2022-02-17 04:38:27', '2022-02-17 04:38:27');

--
-- Indexes for dumped tables
--

--
-- Indexes for table `tb_akun`
--
ALTER TABLE `tb_akun`
  ADD PRIMARY KEY (`id_akun`);

--
-- Indexes for table `tb_coa`
--
ALTER TABLE `tb_coa`
  ADD UNIQUE KEY `id_akun` (`id_akun`,`id_coa`);

--
-- Indexes for table `tb_drpp`
--
ALTER TABLE `tb_drpp`
  ADD PRIMARY KEY (`no_drpp`);

--
-- Indexes for table `tb_nota`
--
ALTER TABLE `tb_nota`
  ADD PRIMARY KEY (`id`);

--
-- Indexes for table `tb_status`
--
ALTER TABLE `tb_status`
  ADD PRIMARY KEY (`id`);

--
-- Indexes for table `tb_sub_coa`
--
ALTER TABLE `tb_sub_coa`
  ADD UNIQUE KEY `id_coa` (`id_coa`,`id_subcoa`);

--
-- Indexes for table `users`
--
ALTER TABLE `users`
  ADD PRIMARY KEY (`id`);

--
-- AUTO_INCREMENT for dumped tables
--

--
-- AUTO_INCREMENT for table `tb_nota`
--
ALTER TABLE `tb_nota`
  MODIFY `id` int(10) NOT NULL AUTO_INCREMENT, AUTO_INCREMENT=245;

--
-- AUTO_INCREMENT for table `users`
--
ALTER TABLE `users`
  MODIFY `id` int(5) NOT NULL AUTO_INCREMENT, AUTO_INCREMENT=4;
COMMIT;

/*!40101 SET CHARACTER_SET_CLIENT=@OLD_CHARACTER_SET_CLIENT */;
/*!40101 SET CHARACTER_SET_RESULTS=@OLD_CHARACTER_SET_RESULTS */;
/*!40101 SET COLLATION_CONNECTION=@OLD_COLLATION_CONNECTION */;
